Tarih;Saat;EventID;Ev;Deplasman;Son_PreMatch_Zamani;MS1;MSX;MS2;KG_Var;KG_Yok;ALT_15;UST_15;ALT_25;UST_25;ALT_35;UST_35;Durum
01.10.2026;00:00;3166542;Aguila;Inter Fa;2026-09-30 23:46:06;1.75;2.84;3.33;1.68;1.59;;;1.46;1.86;;;KILITLI
01.10.2026;01:30;3225560;Cerro Porteno;Rubio Nu;2026-10-01 01:22:25;1.3;3.58;5.86;1.92;1.43;;;1.54;1.75;;;LISTEDE_YOK
01.10.2026;02:00;3168701;Atletico Ottaw;Cavalry;2026-10-01 01:58:41;4.1;3.82;1.39;1.37;2.04;3.97;1.0;2.21;1.3;1.43;1.92;LISTEDE_YOK
01.10.2026;02:00;3168708;Chattanooga Re;Spokane Velocit;2026-10-01 01:58:41;2.06;2.98;2.5;1.48;1.83;;;1.66;1.61;;;LISTEDE_YOK
01.10.2026;02:00;3168716;Brooklyn;Detroit City;2026-10-01 00:43:22;3.7;3.08;1.59;1.69;1.58;2.71;1.17;1.51;1.79;1.11;3.12;LISTEDE_YOK
01.10.2026;02:00;3168808;Miami Fc;Sporting Jax;2026-10-01 01:58:41;1.31;4.12;4.62;1.34;2.11;;;2.45;1.23;1.54;1.74;LISTEDE_YOK
01.10.2026;02:00;3247637;Torque;Penarol;2026-10-01 01:58:41;2.88;2.98;1.86;1.59;1.68;;;1.54;1.74;;;LISTEDE_YOK
01.10.2026;02:00;3273427;Concepcion;O Higgins;2026-10-01 00:43:22;2.07;2.8;2.62;1.61;1.66;;;1.49;1.82;;;LISTEDE_YOK
01.10.2026;02:30;3168618;Rhode Island;Indy Eleven;2026-10-01 02:19:31;1.65;3.29;3.21;1.41;1.95;3.68;1.05;1.89;1.44;1.29;2.25;KILITLI
01.10.2026;02:30;3261456;Dc United;Paderborn;2026-10-01 02:19:31;2.74;3.41;1.77;1.23;2.42;;;;;1.51;1.78;KILITLI
01.10.2026;02:30;3267539;New York;St. Louis City;2026-10-01 02:19:31;3.41;3.81;1.61;1.29;2.49;5.74;1.0;2.58;1.27;1.59;1.82;KILITLI
01.10.2026;03:00;3168684;Alianza;Platense;2026-10-01 02:52:58;1.43;3.39;4.38;1.61;1.66;;;1.69;1.58;;;LISTEDE_YOK
01.10.2026;03:00;3170312;Tulsa Roughnec;New Mexico Unit;2026-10-01 00:43:22;1.84;3.04;2.87;1.44;1.91;3.38;1.08;1.76;1.52;1.23;2.44;LISTEDE_YOK
01.10.2026;03:00;3261539;Arjantin;Bolivya;2026-10-01 02:52:58;1.0;9.67;17.5;2.21;1.3;6.48;1.0;3.16;1.1;1.86;1.46;LISTEDE_YOK
01.10.2026;04:00;3170320;Atletico Nacio;Atletico Junior;2026-10-01 03:47:21;1.24;4.05;5.78;1.58;1.69;;;1.96;1.4;;;LISTEDE_YOK
01.10.2026;05:00;3170297;Sacramento Rep;Las Vegas Light;2026-10-01 04:47:22;1.36;3.6;4.8;1.66;1.61;3.17;1.1;1.7;1.58;1.19;2.62;KILITLI
01.10.2026;09:10;3241261;Panama;Yeni Zelanda;2026-10-01 09:04:42;2.17;2.89;2.41;1.51;1.79;3.0;1.13;1.61;1.66;1.16;2.77;KILITLI
01.10.2026;12:30;3257976;Slovakia U19;İsviçre U19;2026-10-01 12:08:14;3.22;3.23;1.66;1.39;1.98;;;1.9;1.44;;;KILITLI
01.10.2026;12:30;3281388;Polonya (U19);Kazakistan U19;2026-10-01 12:08:14;1.34;3.98;4.41;1.44;1.91;;;1.95;1.41;1.37;2.01;KILITLI
01.10.2026;13:10;3241270;Japonya;Ekvador;2026-10-01 12:53:05;1.25;4.03;5.78;1.7;1.58;3.4;1.08;1.79;1.51;1.23;2.43;KILITLI
01.10.2026;15:30;3170331;La Viena Fc;Nasr;2026-10-01 15:28:14;2.15;2.49;2.82;2.0;1.38;1.98;1.39;;;;;KILITLI
01.10.2026;15:30;3170360;Pharco;Tersana;2026-10-01 15:28:14;2.21;2.41;2.83;2.22;1.3;1.78;1.51;;;;;KILITLI
01.10.2026;15:30;3170417;El Saka El Had;El Harby;2026-10-01 15:28:14;2.53;2.48;2.36;1.9;1.44;2.07;1.35;;;;;KILITLI
01.10.2026;15:30;3170426;El Mansura;Masar;2026-10-01 15:28:14;3.43;2.63;1.82;1.94;1.42;2.13;1.33;1.33;2.12;;;KILITLI
01.10.2026;15:30;3260484;Endonezya;Bangladeş;2026-10-01 15:28:14;1.0;13.6;17.5;;;;;;;1.79;1.51;KILITLI
01.10.2026;15:30;3260485;Malezya;Singapur;2026-10-01 15:28:14;1.37;3.56;4.64;1.62;1.65;;;1.72;1.56;;;KILITLI
01.10.2026;16:15;3225562;Dubai United;Hatta Dubai;2026-10-01 15:54:16;1.79;3.33;2.75;1.36;2.07;3.89;1.0;1.98;1.39;1.32;2.14;KILITLI
01.10.2026;16:15;3225581;Al Sharjah;Al Dhafra;2026-10-01 15:54:16;1.37;3.87;4.23;1.35;2.07;4.04;1.0;2.29;1.27;1.46;1.85;KILITLI
01.10.2026;16:30;3273237;Hirvatistan (U;İtalya U19;2026-10-01 16:20:04;2.82;3.05;1.86;1.44;1.88;;;1.74;1.54;;;KILITLI
01.10.2026;17:00;3273130;Faroe Adalari ;Slovenya U19;2026-10-01 16:41:39;17.5;8.67;1.0;2.14;1.32;;;;;1.69;1.58;KILITLI
01.10.2026;17:00;3273678;Katar U19;İrlanda Cumhuri;2026-10-01 16:41:39;4.81;4.11;1.3;1.44;1.9;;;2.05;1.37;1.41;1.94;KILITLI
01.10.2026;17:00;3277746;Özbekistan;Suriye;2026-10-01 16:41:39;1.37;3.38;5.17;1.88;1.44;;;1.5;1.81;;;KILITLI
01.10.2026;18:00;3170333;Yunanistan (U2;Letonya (U21);2026-10-01 17:49:34;1.0;10.3;17.5;2.09;1.35;;;3.33;1.09;1.93;1.43;KILITLI
01.10.2026;18:00;3234506;Gharrafa;Mesaimeer;2026-10-01 17:49:34;1.34;3.96;4.45;1.39;1.99;4.04;1.0;2.22;1.3;1.44;1.91;KILITLI
01.10.2026;18:30;3273189;Stuttgart;Greuther Furth;2026-10-01 18:06:52;1.0;6.9;10.15;1.44;1.89;;;;;2.0;1.39;KILITLI
01.10.2026;18:45;3225561;Banniyas;Al Wahda;2026-10-01 18:31:09;3.12;3.3;1.66;1.43;1.93;3.59;1.06;1.86;1.46;1.27;2.31;KILITLI
01.10.2026;19:00;3170311;Azerbaycan;Lihtenştayn;2026-10-01 18:52:13;1.0;8.27;17.5;3.94;1.09;3.61;1.11;1.84;1.58;1.25;2.67;KILITLI
01.10.2026;19:00;3170362;Makedonya (U21;Karadağ (U21);2026-10-01 18:52:13;2.62;2.95;2.0;1.52;1.77;2.96;1.13;1.6;1.67;1.16;2.82;KILITLI
01.10.2026;19:00;3193540;Jerash;Al Ahli;2026-10-01 18:52:13;2.07;2.83;2.6;1.73;1.55;;;1.4;1.98;;;KILITLI
01.10.2026;19:00;3193566;Al Yarmouk;Amman;2026-10-01 18:52:13;2.34;2.74;2.33;1.58;1.71;;;1.51;1.79;;;KILITLI
01.10.2026;19:00;3193578;Ethad Ar;Sama Al Sarhan;2026-10-01 18:52:13;2.02;2.73;2.77;1.7;1.58;;;1.4;1.96;;;KILITLI
01.10.2026;19:00;3204020;Madla;Viking;2026-10-01 18:52:13;17.5;11.45;1.0;1.63;1.65;;;;;1.99;1.39;KILITLI
01.10.2026;19:00;3204062;Baerum;Lillestrom;2026-10-01 18:52:13;17.5;9.8;1.0;1.69;1.58;;;;;1.98;1.39;KILITLI
01.10.2026;19:00;3208096;Gine;Kenya;2026-10-01 18:52:13;1.31;3.32;6.32;2.35;1.25;2.19;1.3;1.31;2.17;1.0;4.15;KILITLI
01.10.2026;19:00;3215680;Asante Kotoko;Karela;2026-10-01 18:52:13;1.55;3.05;4.03;1.74;1.54;;;1.48;1.83;;;KILITLI
01.10.2026;19:00;3273192;Abd (U20);Brezilya (U20);2026-10-01 18:52:13;3.13;3.29;1.67;1.37;2.02;;;1.96;1.4;1.37;2.04;KILITLI
01.10.2026;19:00;3281495;Fas U23;Mali U23;2026-10-01 18:52:13;1.56;3.19;3.74;;;;;;;;;KILITLI
01.10.2026;19:30;3170450;Ermenistan (U2;İtalya (U21);2026-10-01 19:11:39;17.5;11.45;1.0;;;;;3.42;1.08;2.22;1.3;KILITLI
01.10.2026;19:45;3208032;Austria Wien (;Inter Milano (K;2026-10-01 19:33:18;3.55;3.26;1.58;1.55;1.73;3.13;1.1;1.68;1.59;1.18;2.64;KILITLI
01.10.2026;19:45;3208064;Koge (K);Servette Chenoi;2026-10-01 19:33:18;1.12;4.94;7.65;1.67;1.6;3.96;1.0;2.14;1.32;1.38;2.0;KILITLI
01.10.2026;20:00;3170363;Macaristan (U2;Litvanya (U21);2026-10-01 19:52:15;1.39;3.47;4.62;1.67;1.6;3.07;1.11;1.65;1.62;1.17;2.7;PREMATCH
01.10.2026;20:15;3234487;Al Shamal;Al Muaidar;2026-10-01 19:52:15;1.34;3.89;4.53;1.44;1.88;4.0;1.0;2.07;1.36;1.37;2.05;PREMATCH
01.10.2026;20:15;3234492;Qatar Sc;Al Bidda;2026-10-01 19:52:15;1.44;3.75;3.83;1.4;1.97;;;2.07;1.35;1.37;2.05;PREMATCH
01.10.2026;20:30;3257923;Ud Santa Marta;Salamanca;2026-10-01 19:52:15;2.94;2.91;1.86;1.67;1.6;;;1.46;1.86;;;PREMATCH
01.10.2026;21:15;3170383;San Marino (U2;İspanya (U21);2026-10-01 19:52:15;17.5;14.55;1.0;;;;;;;;;PREMATCH
01.10.2026;21:45;3170338;Almanya;Sirbistan;2026-10-01 19:52:15;1.06;6.88;11.7;1.65;1.76;6.86;1.0;3.03;1.18;1.77;1.64;PREMATCH
01.10.2026;21:45;3170366;İrlanda;Avusturya;2026-10-01 19:52:15;3.12;2.88;1.96;1.78;1.63;2.63;1.25;1.46;2.03;1.09;3.81;PREMATCH
01.10.2026;21:45;3170379;Galler;Norveç;2026-10-01 19:52:15;6.13;4.45;1.27;1.58;1.85;4.66;1.0;2.21;1.38;1.42;2.12;PREMATCH
01.10.2026;21:45;3170431;Danimarka;Portekiz;2026-10-01 19:52:15;3.04;3.28;1.85;1.39;2.18;4.3;1.06;2.05;1.45;1.37;2.26;PREMATCH
01.10.2026;21:45;3170434;Yunanistan;Hollanda;2026-10-01 19:52:15;2.88;3.25;1.92;1.41;2.15;4.14;1.07;2.0;1.48;1.34;2.33;PREMATCH
01.10.2026;21:45;3170436;Kuzey İrlanda ;Gürcistan (U21);2026-10-01 19:52:15;1.88;2.84;2.95;1.65;1.62;2.62;1.19;1.47;1.85;1.09;3.25;PREMATCH
01.10.2026;21:45;3170438;Malta;Cebelitarik;2026-10-01 19:52:15;1.15;4.76;10.6;2.54;1.28;2.93;1.2;1.58;1.83;1.14;3.33;PREMATCH
01.10.2026;21:45;3176341;Bastia;Orleans;2026-10-01 19:52:15;1.92;2.87;2.84;1.63;1.65;2.67;1.18;1.49;1.81;1.1;3.18;PREMATCH
01.10.2026;22:00;3208047;Man City (K);Real Madrid (K);2026-10-01 19:52:15;1.44;3.73;3.8;1.36;2.05;4.07;1.0;2.17;1.31;1.41;1.95;PREMATCH
01.10.2026;22:00;3208107;Psg (K);Oh Leuven (K);2026-10-01 19:52:15;1.0;6.66;13.15;1.9;1.44;;;2.44;1.23;1.52;1.77;PREMATCH
01.10.2026;23:00;3170295;Ingiliz Virgin;Montserrat;2026-10-01 19:52:15;15.45;7.19;1.0;2.17;1.31;;;2.04;1.37;1.44;1.89;PREMATCH
01.10.2026;23:00;3170388;Us Virgin Adal;Saint Martin;2026-10-01 19:52:15;9.28;5.73;1.07;1.62;1.65;;;1.68;1.59;1.56;1.72;PREMATCH
01.10.2026;23:00;3223871;Sporting Crist;Adt;2026-10-01 19:52:15;1.29;3.96;5.16;1.56;1.72;;;1.93;1.42;;;PREMATCH
01.10.2026;23:30;3170359;Envigado;Orsomarso;2026-10-01 19:52:15;1.49;3.04;4.53;1.99;1.39;;;1.36;2.07;;;PREMATCH
01.10.2026;23:30;3241268;Cumbaya;Santo Domingo;2026-10-01 19:52:15;1.76;2.74;3.46;1.92;1.43;;;1.3;2.19;;;PREMATCH
02.10.2026;00:00;3170304;Dominika;Guyana;2026-10-01 19:52:35;10.6;5.48;1.06;2.01;1.37;3.79;1.0;1.96;1.4;1.3;2.19;PREMATCH
02.10.2026;00:30;3170355;Fuerte San Fra;Firpo;2026-10-01 19:52:35;5.05;3.6;1.34;1.65;1.61;;;1.72;1.56;;;PREMATCH
02.10.2026;01:00;3170387;Curacao;Trinidad & Toba;2026-10-01 19:52:35;1.32;3.87;4.82;1.51;1.78;3.81;1.0;1.95;1.41;1.3;2.18;PREMATCH
02.10.2026;01:00;3225580;Olimpia Asunci;Sportivo Luquen;2026-10-01 19:52:35;1.23;3.95;6.25;1.71;1.57;;;1.8;1.5;;;PREMATCH
02.10.2026;02:30;3175362;Athletic Club;Sport Recife;2026-10-01 19:52:35;2.0;2.73;2.8;1.73;1.55;2.4;1.24;1.38;2.0;1.06;3.63;PREMATCH
02.10.2026;03:00;3170378;Dominik Cumhur;Haiti;2026-10-01 19:52:35;3.61;3.47;1.52;1.38;2.0;4.0;1.0;2.02;1.37;1.35;2.09;PREMATCH
02.10.2026;03:00;3170433;Kayman;Porto Riko;2026-10-01 19:52:35;17.5;9.06;1.0;2.47;1.23;;;2.65;1.18;1.62;1.65;PREMATCH
02.10.2026;03:00;3172879;Inca-Aruba;Municipal Limen;2026-10-01 19:52:35;3.16;3.05;1.73;1.65;1.63;;;1.51;1.78;;;PREMATCH
02.10.2026;03:00;3176595;Novorizontino;Goias;2026-10-01 19:52:35;1.39;3.37;4.79;1.79;1.51;2.79;1.16;1.54;1.74;1.12;3.01;PREMATCH
02.10.2026;03:15;3243452;Platense;Estudiantes Lp;2026-10-01 19:52:35;3.51;2.56;2.0;2.25;1.37;1.97;1.5;1.22;2.81;1.0;6.06;PREMATCH
02.10.2026;04:00;3215669;Inter Bogota;Once Caldas;2026-10-01 19:52:35;2.45;2.7;2.25;1.55;1.73;;;1.53;1.76;;;PREMATCH
02.10.2026;04:30;3173112;Seattle;Kansas;2026-10-01 19:52:35;1.33;4.43;5.0;1.34;2.31;6.27;1.0;2.78;1.23;1.67;1.72;PREMATCH
02.10.2026;05:00;3170441;Nikaragua;Kosta Rika;2026-10-01 19:52:35;5.53;3.89;1.28;1.69;1.58;3.34;1.09;1.77;1.52;1.23;2.47;PREMATCH
02.10.2026;12:00;3260492;Vietnam;Pakistan;2026-10-01 19:52:35;1.0;7.42;15.0;2.36;1.25;;;;;1.65;1.62;PREMATCH
02.10.2026;12:00;3260494;Tayland;Filipinler;2026-10-01 19:52:35;1.34;3.7;4.83;1.59;1.68;;;1.8;1.5;;;PREMATCH
02.10.2026;12:30;3281576;Lugano;Verona;2026-10-01 19:52:35;2.34;3.13;2.1;1.41;1.94;3.43;1.08;1.79;1.51;1.23;2.41;PREMATCH
02.10.2026;13:00;3172806;Mio Biwako Shi;Roasso Kumamoto;2026-10-01 19:52:35;2.42;2.87;2.17;1.48;1.83;;;1.64;1.63;;;PREMATCH
02.10.2026;13:00;3173058;Daejeon Korail;Gangneung City;2026-10-01 19:52:35;1.65;3.0;3.56;1.58;1.7;;;1.59;1.68;;;PREMATCH
02.10.2026;13:00;3273586;Galler U19;Norveç (U19);2026-10-01 19:52:35;3.8;3.59;1.47;1.33;2.13;;;;;1.44;1.89;PREMATCH
02.10.2026;13:00;3277829;Nürnberg;Ingolstadt;2026-10-01 19:52:35;1.45;3.26;4.41;1.35;2.09;;;1.82;1.49;1.43;1.91;PREMATCH
02.10.2026;14:00;3221768;Güney Kore;Venezuela;2026-10-01 19:52:35;1.48;3.21;4.28;1.84;1.48;2.56;1.21;1.45;1.86;1.09;3.35;PREMATCH
02.10.2026;14:00;3281592;Augsburg;Hertha Berlin;2026-10-01 19:52:35;1.58;3.66;3.17;1.23;2.45;;;2.56;1.2;1.59;1.68;PREMATCH
02.10.2026;15:00;3173158;Fleetwood Town;Sheffield Wedne;2026-10-01 19:52:35;1.82;3.6;2.52;1.2;2.57;;;;;1.6;1.67;PREMATCH
02.10.2026;15:30;3170371;Derot;Ismaily;2026-10-01 19:52:35;4.24;2.76;1.6;2.0;1.38;2.19;1.3;;;;;PREMATCH
02.10.2026;15:30;3172803;El Daklyeh;Maleyet Kafr El;2026-10-01 19:52:35;3.06;2.45;2.05;2.12;1.33;1.87;1.45;;;;;PREMATCH
02.10.2026;15:30;3172826;Baladiyyat;Team;2026-10-01 19:52:35;1.91;2.52;3.32;2.14;1.33;1.9;1.44;;;;;PREMATCH
02.10.2026;15:30;3172876;Tanta;Haras El Hodood;2026-10-01 19:52:35;2.97;2.38;2.14;2.09;1.34;1.87;1.45;;;;;PREMATCH
02.10.2026;15:30;3173031;Proxy;Telecom Egypt;2026-10-01 19:52:35;2.67;2.43;2.29;2.03;1.37;1.93;1.42;;;;;PREMATCH
02.10.2026;15:30;3173084;Kahraba Ismail;Mega Sport;2026-10-01 19:52:35;1.25;3.68;6.63;2.08;1.35;;;1.48;1.83;;;PREMATCH
02.10.2026;16:15;3225564;Al Wasl;Al Ittihad Kalb;2026-10-01 19:52:35;1.18;4.48;6.58;;;;;;;;;PREMATCH
02.10.2026;16:15;3225566;Al Ain;Ajman;2026-10-01 19:52:35;1.17;4.57;6.68;;;;;;;;;PREMATCH
02.10.2026;16:30;3273195;Arnavutluk U19;Litvanya (U19);2026-10-01 19:52:35;2.0;3.04;2.53;1.49;1.82;;;1.66;1.61;;;PREMATCH
02.10.2026;16:30;3273670;Belçika (U19);Kuzey İrlanda U;2026-10-01 19:52:35;1.15;4.75;7.04;1.6;1.67;;;;;1.41;1.96;PREMATCH
02.10.2026;17:00;3172999;Kazakistan;Moldova;2026-10-01 19:52:35;1.59;3.26;4.11;1.82;1.59;2.81;1.22;1.53;1.91;1.12;3.51;PREMATCH
02.10.2026;17:00;3261583;Minija;Kauno Zalgiris ;2026-10-01 19:52:35;1.09;4.93;9.19;1.67;1.6;;;;;1.45;1.87;PREMATCH
02.10.2026;17:00;3268855;Teleghma;Magra;2026-10-01 19:52:35;1.97;2.63;2.99;1.96;1.41;2.07;1.36;;;;;PREMATCH
02.10.2026;17:00;3268858;Us Chaouia;As Khroub;2026-10-01 19:52:35;1.34;3.15;6.29;2.1;1.34;;;1.38;2.0;;;PREMATCH
02.10.2026;17:00;3268866;Ca Batna;Msp Batna;2026-10-01 19:52:35;1.56;2.8;4.44;1.88;1.44;;;1.37;2.03;;;PREMATCH
02.10.2026;17:00;3268869;Usm Annaba;Paradou;2026-10-01 19:52:35;2.17;2.66;2.59;1.76;1.53;;;1.36;2.07;;;PREMATCH
02.10.2026;17:00;3268874;Mo Constantine;B. Thour;2026-10-01 19:52:35;1.44;2.97;5.18;2.13;1.33;;;1.31;2.17;;;PREMATCH
02.10.2026;17:00;3273444;İngiltere (U19;Abd U19;2026-10-01 19:52:35;1.37;3.89;4.24;1.34;2.1;;;;;1.49;1.82;PREMATCH
02.10.2026;17:00;3281157;Gürcistan (U19;Letonya U19;2026-10-01 19:52:35;2.3;2.98;2.21;1.5;1.81;;;1.64;1.63;;;PREMATCH
02.10.2026;18:00;3170105;Tammeka Tartu;Viimsi Mrjk;2026-10-01 19:52:35;1.44;4.06;4.26;;;;;;;;;PREMATCH
02.10.2026;18:45;3225565;Khorfakkan Clu;Al Jazira;2026-10-01 19:52:35;3.47;3.47;1.55;;;;;;;;;PREMATCH
02.10.2026;18:45;3225577;Al Ahli Dubai;Al Nasr;2026-10-01 19:52:35;1.47;3.22;4.32;;;;;;;;;PREMATCH
02.10.2026;19:00;3172802;Letonya;Karadağ;2026-10-01 19:52:35;4.08;3.14;1.63;1.91;1.53;2.6;1.26;1.45;2.04;1.09;3.89;PREMATCH
02.10.2026;19:00;3172837;Avusturya (U21;Danimarka (U21);2026-10-01 19:52:35;2.42;2.97;2.13;1.45;1.87;3.2;1.09;1.7;1.58;1.2;2.58;PREMATCH
02.10.2026;19:00;3172957;Ukrayna (U21);Hirvatistan (U2;2026-10-01 19:52:35;2.83;2.98;1.88;1.51;1.79;3.04;1.12;1.63;1.64;1.16;2.73;PREMATCH
02.10.2026;19:00;3173055;G. Kıbrıs Rum ;Ermenistan;2026-10-01 19:52:35;2.05;3.03;2.78;1.66;1.73;2.9;1.2;1.56;1.86;1.14;3.37;PREMATCH
02.10.2026;19:00;3173174;Slovenya (U21);Hollanda (U21);2026-10-01 19:52:35;6.97;4.54;1.16;1.7;1.58;3.83;1.0;1.97;1.4;1.31;2.17;PREMATCH
02.10.2026;19:00;3193533;Hay Al-Amir Ha;Al Hashemeya;2026-10-01 19:52:35;1.67;3.03;3.39;1.68;1.59;;;1.5;1.8;;;PREMATCH
02.10.2026;19:00;3193565;Al Sareeh;Maan;2026-10-01 19:52:35;1.99;2.78;2.78;1.62;1.65;;;1.48;1.83;;;PREMATCH
02.10.2026;19:00;3221766;Dukla Prag;Jablonec;2026-10-01 19:52:35;3.61;3.18;1.58;1.79;1.51;;;1.44;1.88;;;PREMATCH
02.10.2026;19:00;3245833;Fus Rabat;Amal Tiznit;2026-10-01 19:52:35;1.49;3.04;4.56;1.93;1.42;2.39;1.24;1.38;2.0;1.05;3.65;PREMATCH
02.10.2026;19:00;3273751;Sirbistan (U21;Rusya (U21);2026-10-01 19:52:35;2.58;3.01;1.99;1.57;1.72;;;1.57;1.72;;;PREMATCH
02.10.2026;19:30;3176644;Garliava;Fk Dainava;2026-10-01 19:52:35;2.39;2.97;2.14;1.43;1.92;;;1.74;1.54;;;PREMATCH
02.10.2026;19:30;3179656;Bayer Leverkus;Werder Bremen (;2026-10-01 19:52:35;1.51;3.52;3.61;1.37;2.01;;;2.05;1.36;;;PREMATCH
02.10.2026;20:00;3172695;Lilla Torg;Nosaby If;2026-10-01 19:52:35;2.21;3.28;2.14;1.26;2.32;;;;;1.43;1.91;PREMATCH
02.10.2026;20:00;3172729;Smedby Ais;Nykobing Fa;2026-10-01 19:52:35;2.52;3.26;1.93;1.27;2.31;;;;;1.44;1.9;PREMATCH
02.10.2026;20:00;3172737;Hestrafor;Onsala;2026-10-01 19:52:35;1.87;3.47;2.49;1.19;2.61;;;;;1.61;1.66;PREMATCH
02.10.2026;20:00;3172820;Nastved;Nykobing;2026-10-01 19:52:35;2.38;3.19;2.04;1.35;2.07;3.78;1.0;1.93;1.42;1.3;2.2;PREMATCH
02.10.2026;20:00;3172859;Torslanda Ik;Kongahalla;2026-10-01 19:52:35;1.56;3.61;3.3;1.24;2.38;;;;;1.56;1.72;PREMATCH
02.10.2026;20:00;3172953;Lindome Gif;Galtabacks;2026-10-01 19:52:35;1.51;3.82;3.34;1.21;2.52;;;;;1.66;1.61;PREMATCH
02.10.2026;20:00;3173009;Vsk Arhus;Brabrand;2026-10-01 19:52:35;1.55;3.25;3.69;1.64;1.64;2.9;1.14;1.58;1.69;1.14;2.88;PREMATCH
02.10.2026;20:00;3173040;Staffanstorp U;Sölvesborgs Goi;2026-10-01 19:52:35;2.13;3.3;2.23;1.28;2.27;;;;;1.4;1.96;PREMATCH
02.10.2026;20:00;3173105;Fremad Amager;B93 Kopenhag;2026-10-01 19:52:35;2.42;3.04;2.08;1.37;2.03;3.62;1.06;1.86;1.46;1.28;2.28;PREMATCH
02.10.2026;20:00;3173168;Ranheim;Egersunds;2026-10-01 19:52:35;1.81;3.45;2.63;1.17;2.69;;;2.68;1.18;1.66;1.61;PREMATCH
02.10.2026;20:00;3173222;Kungsangen;Sunnersta Aif;2026-10-01 19:52:35;4.93;3.92;1.3;1.38;2.0;;;;;1.47;1.85;PREMATCH
02.10.2026;20:00;3179610;Real Aviles;Lugo;2026-10-01 19:52:35;2.08;2.87;2.54;1.55;1.73;2.85;1.15;1.56;1.72;1.14;2.93;PREMATCH
02.10.2026;20:00;3193555;Aqaba;Al Sahl Horan;2026-10-01 19:11:41;3.81;3.24;1.53;;;;;;;;;LISTEDE_YOK
02.10.2026;20:00;3268873;D.La Coruna;Porto;2026-10-01 19:11:41;2.92;3.2;1.76;1.44;1.9;3.45;1.08;1.8;1.5;1.24;2.4;LISTEDE_YOK
02.10.2026;20:00;3277893;Stade Lavalloi;Rennes;2026-10-01 19:11:41;4.78;3.82;1.33;1.47;1.85;;;2.03;1.37;;;LISTEDE_YOK
02.10.2026;20:30;3173090;Qviding;Landvetter Is;2026-10-01 19:52:35;2.5;3.4;1.89;1.23;2.48;;;;;1.53;1.76;PREMATCH
02.10.2026;20:30;3173221;Andorra (U21);Moldova (U21);2026-10-01 19:52:35;2.27;2.77;2.38;1.71;1.58;2.44;1.23;1.4;1.96;1.06;3.56;PREMATCH
02.10.2026;20:30;3277636;Ferro Carril O;Union (K);2026-10-01 19:52:35;1.21;4.02;6.98;1.86;1.46;;;1.71;1.58;;;PREMATCH
02.10.2026;20:30;3277717;Racing Club (K;Belgrano (K);2026-10-01 19:52:35;1.68;2.84;3.64;1.86;1.46;;;1.36;2.06;;;PREMATCH
02.10.2026;21:00;3172852;Farsta;Fittja;2026-10-01 19:52:35;1.29;4.09;5.05;1.32;2.14;;;;;1.6;1.67;PREMATCH
02.10.2026;21:00;3228196;Stjarnan (K);Grindavik/Njaro;2026-10-01 19:52:35;1.8;3.5;2.61;1.2;2.56;;;;;1.59;1.68;PREMATCH
02.10.2026;21:00;3228202;Víkingur Reykj;Thor / Ka (K);2026-10-01 19:52:35;1.72;3.46;2.84;1.26;2.33;;;;;1.48;1.83;PREMATCH
02.10.2026;21:00;3228217;Fram (K);Valur (K);2026-10-01 19:52:35;3.1;3.48;1.64;1.3;2.23;;;;;1.44;1.89;PREMATCH
02.10.2026;21:00;3245775;Widad Temara;Uts Rabat;2026-10-01 19:52:35;2.3;2.31;2.81;1.91;1.44;2.04;1.37;1.23;2.43;1.0;4.09;PREMATCH
02.10.2026;21:00;3277543;San Lorenzo (K;Huracan (K);2026-10-01 19:52:35;1.18;4.05;7.74;2.16;1.31;;;1.53;1.76;;;PREMATCH
02.10.2026;21:30;3172771;Llanelli Town;Baglan Dragons;2026-10-01 19:52:35;3.3;3.38;1.6;1.43;1.91;;;1.87;1.45;;;PREMATCH
02.10.2026;21:30;3172775;Carmarthen;Llantwit Major;2026-10-01 19:52:35;1.23;4.35;5.66;1.44;1.89;;;;;1.48;1.83;PREMATCH
02.10.2026;21:30;3180644;Eldense;Oviedo;2026-10-01 19:52:35;2.45;2.78;2.44;1.84;1.58;2.45;1.3;1.39;2.18;1.07;4.23;PREMATCH
02.10.2026;21:30;3281331;Sevilla;Aston Villa;2026-10-01 19:52:35;2.65;3.12;1.91;1.37;2.05;3.74;1.05;1.9;1.44;1.3;2.22;PREMATCH
02.10.2026;21:45;3172689;Polonya;Romanya;2026-10-01 19:52:35;1.39;3.79;5.13;1.68;1.72;3.59;1.11;1.82;1.59;1.25;2.66;PREMATCH
02.10.2026;21:45;3172762;Wexford Youths;Longford;2026-10-01 19:52:35;1.65;3.19;3.27;1.45;1.86;3.42;1.08;1.79;1.51;1.23;2.42;PREMATCH
02.10.2026;21:45;3172807;Caerau Ely;Afan Lido;2026-10-01 19:52:35;1.37;3.82;4.31;1.39;1.99;;;;;1.41;1.94;PREMATCH
02.10.2026;21:45;3172814;Treaty Unt.;Ucd;2026-10-01 19:52:35;2.53;3.21;1.94;1.36;2.07;3.81;1.0;1.93;1.42;1.3;2.19;PREMATCH
02.10.2026;21:45;3172878;Macaristan;Gürcistan;2026-10-01 19:52:35;1.88;2.98;3.23;1.72;1.68;2.81;1.22;1.52;1.92;1.12;3.5;PREMATCH
02.10.2026;21:45;3172880;Bosna Hersek;İsveç;2026-10-01 19:52:35;2.39;3.18;2.26;1.44;2.07;3.81;1.09;1.88;1.55;1.29;2.52;PREMATCH
02.10.2026;21:45;3172887;İngiltere (U21;Slovakya (U21);2026-10-01 19:52:35;1.0;6.07;10.1;1.71;1.58;;;2.47;1.23;1.53;1.75;PREMATCH
02.10.2026;21:45;3172923;Athlone;Cork City;2026-10-01 19:52:35;2.9;3.19;1.77;1.32;2.14;4.1;1.0;2.04;1.37;1.37;2.05;PREMATCH
02.10.2026;21:45;3172939;Ukrayna;Kuzey İrlanda;2026-10-01 19:52:35;1.76;3.02;3.62;1.96;1.5;2.42;1.31;1.39;2.19;1.06;4.31;PREMATCH
02.10.2026;21:45;3172974;Finn Harps;Kerry;2026-10-01 19:52:35;3.12;3.18;1.7;1.49;1.81;3.24;1.09;1.72;1.57;1.2;2.56;PREMATCH
02.10.2026;21:45;3172993;Belçika;Türkiye;2026-10-01 19:52:35;1.36;4.29;4.89;1.41;2.14;5.36;1.0;2.46;1.3;1.53;1.91;PREMATCH
02.10.2026;21:45;3173016;Fransa;İtalya;2026-10-01 19:52:35;1.28;4.54;5.82;1.45;2.04;5.49;1.0;2.5;1.29;1.55;1.88;PREMATCH
02.10.2026;21:45;3173041;Faroe Adalari;Slovakya;2026-10-01 19:52:35;5.15;3.4;1.45;2.07;1.44;2.56;1.27;1.44;2.07;1.09;3.97;PREMATCH
02.10.2026;21:45;3173047;Denbigh Town;Holyhead;2026-10-01 19:52:35;1.57;3.56;3.31;1.33;2.12;;;;;1.4;1.96;PREMATCH
02.10.2026;21:45;3173235;Bray Wanderers;Cobh Ramblers;2026-10-01 19:52:35;1.47;3.55;3.85;1.39;1.99;4.07;1.0;2.05;1.37;1.36;2.06;PREMATCH
02.10.2026;21:45;3176702;Strabane Athle;Armagh;2026-10-01 19:52:35;1.56;3.41;3.49;1.44;1.89;3.63;1.06;1.87;1.45;1.28;2.28;PREMATCH
02.10.2026;21:45;3195704;Dundalk;Bohemian;2026-10-01 19:52:35;2.94;3.18;1.76;1.33;2.11;4.01;1.0;2.0;1.38;1.35;2.08;PREMATCH
02.10.2026;22:00;3172815;St. Lucia;Guadeloupe;2026-10-01 19:52:35;2.41;3.27;2.0;1.32;2.14;4.01;1.0;2.03;1.37;1.35;2.08;PREMATCH
02.10.2026;22:00;3173073;Helmond Sport;Heracles;2026-10-01 19:52:35;5.56;4.39;1.23;1.44;1.89;4.66;1.0;2.31;1.27;1.47;1.85;PREMATCH
02.10.2026;22:15;3179923;Real Madrid Ii;Atl Madrid Ii;2026-10-01 19:52:35;1.46;3.51;3.97;1.42;1.93;3.92;1.0;1.99;1.39;1.33;2.13;PREMATCH
02.10.2026;23:00;3245755;Ittihad Tanger;Moghreb Tetouan;2026-10-01 19:52:35;1.71;2.71;3.74;1.93;1.42;2.19;1.3;1.3;2.2;1.0;4.12;PREMATCH
29.09.2026;20:00;3225558;Unterhaching;Buchbach;2026-09-29 19:55:19;1.54;3.82;3.2;1.19;2.61;;;;;1.71;1.58;KILITLI
29.09.2026;20:00;3228212;Huesca (K);Osasuna (K);2026-09-29 19:55:19;8.41;4.68;1.12;1.91;1.43;;;1.84;1.48;;;KILITLI
29.09.2026;20:15;3234438;Markhiya;Al Ahli;2026-09-29 19:55:19;3.73;3.61;1.48;1.47;1.84;3.61;1.06;1.88;1.44;1.27;2.29;KILITLI
29.09.2026;20:15;3234463;Al Waab;Lusail City;2026-09-29 19:55:19;3.12;3.22;1.69;1.47;1.84;3.33;1.09;1.76;1.53;1.22;2.48;KILITLI
29.09.2026;20:30;3166379;Umman;Kuveyt;2026-09-29 20:19:22;1.44;3.25;4.52;1.81;1.5;2.65;1.18;1.49;1.81;1.1;3.19;KILITLI
29.09.2026;20:30;3166445;Suudi Arabista;Irak;2026-09-29 20:19:22;2.09;2.66;2.71;1.85;1.47;2.19;1.3;1.3;2.19;1.0;4.13;KILITLI
29.09.2026;21:00;3166424;İrlanda Cumhur;Kazakistan (U21;2026-09-29 20:55:37;1.07;5.37;9.76;1.87;1.45;4.04;1.0;2.07;1.36;1.35;2.07;KILITLI
29.09.2026;21:00;3166425;Boreham Wood;Kidderminster;2026-09-29 20:55:37;1.2;4.45;6.16;1.53;1.76;4.34;1.0;2.18;1.31;1.41;1.95;KILITLI
29.09.2026;21:00;3166465;Belçika (U21);Galler (U21);2026-09-29 20:55:37;1.0;6.11;11.7;1.91;1.43;;;2.24;1.29;1.44;1.91;KILITLI
29.09.2026;21:15;3225579;Fk Union Carl ;Kfum Ii;2026-09-29 20:55:37;1.33;4.59;3.93;1.13;2.97;;;;;;;KILITLI
29.09.2026;21:30;3166400;Wimborne Town;Yate Town;2026-09-29 21:17:41;1.8;2.91;3.08;1.57;1.72;;;1.58;1.71;;;KILITLI
29.09.2026;21:44;3166423;Cardiff Mu;Haverfordwest;2026-09-29 21:35:35;2.0;2.99;2.58;1.45;1.87;3.25;1.09;1.71;1.57;1.21;2.55;KILITLI
29.09.2026;21:45;3166383;Bulgaristan;Estonya;2026-09-29 21:35:35;1.68;2.99;4.04;1.98;1.49;2.44;1.3;1.39;2.18;1.06;4.24;KILITLI
29.09.2026;21:45;3166392;Slovakya;Kazakistan;2026-09-29 21:35:35;1.07;6.2;13.25;2.15;1.4;4.35;1.06;2.11;1.43;1.37;2.24;KILITLI
29.09.2026;21:45;3166393;Halifax;Boston United;2026-09-29 21:35:35;1.8;3.13;2.85;1.41;1.95;3.53;1.07;1.82;1.49;1.25;2.35;KILITLI
29.09.2026;21:45;3166394;Havant And W.;Hanwell;2026-09-29 21:35:35;2.02;3.11;2.46;1.34;2.1;;;1.94;1.41;;;KILITLI
29.09.2026;21:45;3166397;Alvechurch;Stourbridge;2026-09-29 21:35:35;1.65;3.16;3.33;1.46;1.86;;;1.78;1.52;;;KILITLI
29.09.2026;21:45;3166405;Chertsey Town;Poole Town;2026-09-29 21:35:35;1.82;3.19;2.78;1.34;2.11;;;1.99;1.39;;;KILITLI
29.09.2026;21:45;3166415;Needham Market;Stamford;2026-09-29 21:35:35;1.19;4.37;6.62;1.65;1.62;;;1.98;1.4;;;KILITLI
29.09.2026;21:45;3166428;San Marino;Arnavutluk;2026-09-29 21:35:35;17.5;14.6;1.0;3.65;1.11;6.0;1.0;2.71;1.23;1.64;1.77;KILITLI
29.09.2026;21:45;3166430;Hitchin Town;Leighton Town;2026-09-29 21:35:35;2.3;2.91;2.26;1.44;1.89;;;1.7;1.58;;;KILITLI
29.09.2026;21:45;3166432;Uxbridge;Basingstoke;2026-09-29 21:35:35;1.51;3.4;3.72;1.42;1.93;;;1.93;1.42;;;KILITLI
29.09.2026;21:45;3166434;Afc Fylde;Carlisle;2026-09-29 21:35:35;2.05;3.3;2.32;1.23;2.43;4.77;1.0;2.33;1.26;1.5;1.81;KILITLI
29.09.2026;21:45;3166438;Yeovil;Worthing;2026-09-29 21:35:35;1.93;3.26;2.51;1.29;2.26;4.32;1.0;2.14;1.32;1.41;1.96;KILITLI
29.09.2026;21:45;3166454;Hornchurch;Aldershot;2026-09-29 21:35:35;1.85;3.13;2.77;1.39;1.99;3.61;1.06;1.86;1.46;1.27;2.28;KILITLI
29.09.2026;21:45;3166455;Halesowen Town;Rushall Olympic;2026-09-29 21:35:35;1.93;3.23;2.53;1.39;1.99;;;1.86;1.45;;;KILITLI
29.09.2026;21:45;3166458;Gateshead;Altrincham;2026-09-29 21:35:35;4.14;3.62;1.42;1.48;1.83;3.72;1.05;1.92;1.43;1.3;2.23;KILITLI
29.09.2026;21:45;3166464;Barrow;Scunthorpe;2026-09-29 21:35:35;1.87;3.22;2.65;1.33;2.13;3.97;1.0;2.0;1.38;1.34;2.1;KILITLI
29.09.2026;21:45;3166473;Forest Green;Wealdstone;2026-09-29 21:35:35;1.56;3.5;3.39;1.29;2.24;4.65;1.0;2.28;1.28;1.47;1.85;KILITLI
29.09.2026;21:45;3166476;Bishops Stortf;Bury Town;2026-09-29 21:35:35;3.0;3.19;1.73;1.45;1.88;;;1.78;1.51;;;KILITLI
29.09.2026;21:45;3166484;Sholing;Berkhamsted;2026-09-29 21:35:35;1.95;2.98;2.67;1.45;1.86;;;1.7;1.58;;;KILITLI
29.09.2026;21:45;3166486;Hanworth Villa;Chichester City;2026-09-29 21:35:35;1.76;3.26;2.88;1.3;2.18;;;2.0;1.38;1.38;2.0;KILITLI
29.09.2026;21:45;3166489;Kettering;Anstey Nomads;2026-09-29 21:35:35;2.05;3.16;2.4;1.41;1.95;;;1.81;1.5;;;KILITLI
29.09.2026;21:45;3166490;İspanya;Hirvatistan;2026-09-29 21:35:35;1.11;5.97;9.28;1.66;1.74;5.65;1.0;2.59;1.27;1.58;1.84;KILITLI
29.09.2026;21:45;3166493;Bath City;Malvern Town;2026-09-29 21:35:35;1.29;3.98;5.15;1.45;1.87;;;;;1.4;1.96;KILITLI
29.09.2026;21:45;3166507;Slovenya;K. Makedonya;2026-09-29 21:35:35;1.26;3.83;8.24;2.57;1.27;2.44;1.3;1.4;2.15;1.06;4.24;KILITLI
29.09.2026;21:45;3166508;Lüksemburg;İzlanda;2026-09-29 21:35:35;3.13;2.98;1.92;1.7;1.7;2.84;1.21;1.54;1.9;1.13;3.46;KILITLI
29.09.2026;21:45;3166515;Banbury United;Stratford Town;2026-09-29 21:35:35;1.67;2.95;3.49;1.56;1.72;;;1.61;1.66;;;KILITLI
29.09.2026;21:45;3166517;Real Bedford;Leiston;2026-09-29 21:35:35;1.24;4.21;5.55;1.41;1.96;;;;;1.51;1.79;KILITLI
29.09.2026;21:45;3166521;Woking;Solihull Moors;2026-09-29 21:35:35;1.67;3.28;3.13;1.35;2.08;4.03;1.0;2.02;1.37;1.35;2.07;KILITLI
29.09.2026;21:45;3166522;Hartlepool;Harrogate;2026-09-29 21:35:35;3.04;3.2;1.72;1.37;2.02;3.79;1.0;1.93;1.42;1.3;2.19;KILITLI
29.09.2026;21:45;3166526;Racing Club Wa;Worcester City;2026-09-29 21:35:35;2.11;3.02;2.4;1.44;1.88;;;1.72;1.56;;;KILITLI
29.09.2026;21:45;3166527;İskoçya;İsviçre;2026-09-29 21:35:35;3.82;3.06;1.7;1.85;1.58;2.65;1.25;1.47;2.01;1.09;3.79;KILITLI
29.09.2026;21:45;3166530;Evesham United;Chippenham Town;2026-09-29 21:35:35;2.12;3.03;2.39;1.4;1.97;;;1.79;1.51;;;KILITLI
29.09.2026;21:45;3166535;Gloucester Cit;Plymouth Parkwa;2026-09-29 21:35:35;1.79;3.25;2.82;1.32;2.15;;;2.03;1.37;1.37;2.04;KILITLI
29.09.2026;21:45;3166538;Çekya;İngiltere;2026-09-29 21:35:35;8.23;5.16;1.16;1.75;1.65;4.57;1.0;2.19;1.39;1.41;2.15;KILITLI
29.09.2026;21:45;3166550;Peterborough S;Redditch United;2026-09-29 21:35:35;1.81;3.19;2.78;1.37;2.04;;;1.93;1.43;;;KILITLI
29.09.2026;21:45;3166575;Bromsgrove Spo;Leamington;2026-09-29 21:35:35;1.37;3.66;4.63;1.52;1.77;;;1.88;1.44;;;KILITLI
29.09.2026;21:45;3193423;Forfar;Formartine Unit;2026-09-29 21:35:35;2.11;3.23;2.28;1.39;1.99;;;1.86;1.46;1.37;2.02;KILITLI
29.09.2026;21:45;3204031;Brackley Town;Gateshead(South;2026-09-29 21:35:35;3.28;3.23;1.65;1.44;1.88;3.49;1.07;1.81;1.49;1.25;2.37;KILITLI
29.09.2026;21:45;3234450;Afc Emley;Workington;2026-09-29 21:35:35;2.36;3.11;2.09;1.33;2.12;;;1.96;1.4;;;KILITLI
29.09.2026;21:45;3241240;Alfreton;Guiseley;2026-09-29 21:35:35;2.25;3.17;2.16;1.38;2.0;;;1.86;1.46;;;KILITLI
29.09.2026;21:45;3243425;Slough Town;Ebbsfleet;2026-09-29 21:35:35;5.16;4.09;1.28;1.48;1.84;;;2.12;1.33;1.38;2.0;KILITLI
29.09.2026;21:45;3247627;Ilkeston Town;Rylands;2026-09-29 21:35:35;2.81;3.26;1.79;1.44;1.91;;;1.8;1.5;;;KILITLI
29.09.2026;21:45;3247628;Whitby Town;Lancaster City;2026-09-29 21:35:35;2.64;3.15;1.9;1.44;1.9;;;1.77;1.52;;;KILITLI
29.09.2026;21:45;3247629;Dulwich Hamlet;Aveley;2026-09-29 21:35:35;2.14;3.15;2.29;1.31;2.17;;;2.01;1.37;1.39;1.98;KILITLI
29.09.2026;21:45;3247634;Maldon And Tip;Cray Wanderers;2026-09-29 21:35:35;2.84;3.23;1.79;1.3;2.19;;;2.04;1.37;1.38;2.0;KILITLI
29.09.2026;21:45;3250317;Dartford;Whitehawk;2026-09-29 21:35:35;1.24;4.27;5.38;1.47;1.84;;;;;1.41;1.94;KILITLI
29.09.2026;22:00;3166466;Ingiliz Virgin;Turks Ve Caicos;2026-09-29 21:52:34;2.61;3.2;1.9;1.34;2.09;;;1.97;1.4;;;KILITLI
29.09.2026;22:00;3208025;Kongo;Kamerun;2026-09-29 21:52:34;4.73;3.26;1.42;1.86;1.45;2.57;1.2;1.46;1.86;1.09;3.31;KILITLI
29.09.2026;22:00;3208039;Gabon;Nijer;2026-09-29 21:52:34;1.38;3.26;5.18;1.96;1.4;2.49;1.22;1.43;1.92;1.07;3.46;KILITLI
29.09.2026;22:00;3208048;Liberya;Mali;2026-09-29 21:52:34;5.76;3.46;1.31;2.02;1.37;2.54;1.21;1.44;1.88;1.08;3.38;KILITLI
29.09.2026;22:00;3208078;Somali;Fildişi Sahili;2026-09-29 21:52:34;17.5;9.14;1.0;;;;;3.01;1.12;1.79;1.51;KILITLI
29.09.2026;22:00;3208094;Benin;Moritanya;2026-09-29 21:52:34;2.2;2.42;2.84;2.05;1.36;1.92;1.43;1.2;2.59;;;KILITLI
29.09.2026;22:15;3257929;Rio Ave U23;Penafiel U23;2026-09-29 21:52:34;1.56;3.31;3.6;1.47;1.84;;;1.81;1.5;;;KILITLI
29.09.2026;23:30;3221785;Pereira;Santa Fe;2026-09-29 23:20:46;3.54;3.17;1.6;1.5;1.8;;;1.73;1.55;;;KILITLI
30.09.2026;00:00;3164911;Fransiz Guyana;Sint Maarten;2026-09-29 22:31:16;1.72;3.26;2.98;1.39;1.98;3.68;1.05;1.89;1.44;1.29;2.25;LISTEDE_YOK
30.09.2026;00:00;3166398;Balboa;Cacahuatique;2026-09-29 22:31:16;2.01;2.72;2.78;1.6;1.67;;;1.48;1.82;;;KILITLI
30.09.2026;00:00;3269954;Puerto Montt;Colo Colo;2026-09-29 22:31:16;5.5;3.81;1.29;1.71;1.57;;;1.72;1.56;;;KILITLI
30.09.2026;01:30;3159252;Botafogo Ribei;Ponte Preta;2026-09-29 22:31:16;1.07;5.16;10.65;2.14;1.32;3.42;1.08;1.8;1.5;1.23;2.42;KILITLI
30.09.2026;02:00;3166567;Union Magdalen;Real Cartagena;2026-09-29 23:01:20;2.07;2.79;2.63;1.61;1.66;;;1.49;1.82;;;KILITLI
30.09.2026;03:00;3168818;Abd;Şili;2026-09-29 23:52:55;1.24;4.13;5.71;1.56;1.72;3.95;1.0;2.01;1.37;1.33;2.12;KILITLI
30.09.2026;04:05;3215662;Independiente ;Los Millionario;2026-09-30 01:03:27;2.23;2.86;2.35;1.52;1.77;;;1.58;1.7;;;KILITLI
30.09.2026;05:00;3164894;Belize;Saint Vincent V;2026-09-29 22:31:16;2.29;2.95;2.23;1.55;1.74;2.86;1.15;1.57;1.71;1.14;2.91;LISTEDE_YOK
30.09.2026;05:30;3201891;Meksika;Peru;2026-09-29 22:31:16;1.34;3.32;5.82;2.08;1.35;2.42;1.23;1.4;1.97;1.06;3.61;KILITLI
30.09.2026;09:00;3268619;Guney Kore U23;Çin U23;2026-09-30 08:45:03;1.13;4.34;9.54;2.35;1.25;2.76;1.16;1.54;1.74;1.12;3.05;KILITLI
30.09.2026;12:00;3260483;Dogu Timor;Kamboçya;2026-09-30 05:24:07;5.5;3.99;1.27;1.65;1.63;;;1.84;1.47;;;LISTEDE_YOK
30.09.2026;13:30;3268226;Özbekistan U23;Japonya U23;2026-09-30 13:23:24;5.51;3.4;1.34;1.93;1.43;2.64;1.18;1.49;1.82;1.09;3.21;KILITLI
30.09.2026;15:00;3260082;Brunei;Hong Kong;2026-09-30 07:56:33;17.5;15.75;1.0;;;;;;;;;LISTEDE_YOK
30.09.2026;16:30;3234481;Fc Vsetin;Bohemians 1905;2026-09-30 16:25:47;16.5;8.02;1.0;1.86;1.46;;;;;1.78;1.51;KILITLI
30.09.2026;17:00;3201896;Follo;Sarpsborg;2026-09-30 16:47:39;17.5;10.25;1.0;1.77;1.52;;;;;1.97;1.4;KILITLI
30.09.2026;18:00;3204034;Sporting Lagos;Ikorodu City;2026-09-30 17:24:51;2.2;2.68;2.54;1.84;1.47;;;1.31;2.18;;;KILITLI
30.09.2026;18:00;3228216;Burgos (K);Cacereno (K);2026-09-30 17:24:51;3.35;2.99;1.7;1.73;1.55;;;1.44;1.88;;;KILITLI
30.09.2026;18:00;3234452;Enyimba Inter;Shooting Stars;2026-09-30 17:24:51;1.44;3.01;5.02;2.13;1.33;;;1.31;2.18;;;KILITLI
30.09.2026;18:00;3234488;Katsina United;Rivers United;2026-09-30 17:24:51;1.94;2.64;3.02;1.98;1.39;2.05;1.36;;;;;KILITLI
30.09.2026;18:00;3257942;Medeama;Port City;2026-09-30 17:24:51;1.44;3.12;4.87;2.0;1.38;;;1.37;2.03;;;KILITLI
30.09.2026;18:30;3228195;Celta De Vigo ;Oviedo Moderno ;2026-09-30 18:00:09;2.99;3.16;1.75;1.44;1.88;;;1.78;1.52;;;KILITLI
30.09.2026;19:00;3168601;Polonya (U21);İsveç (U21);2026-09-30 18:00:09;1.26;4.23;5.15;1.44;1.9;4.04;1.0;2.24;1.29;1.44;1.9;KILITLI
30.09.2026;19:00;3168650;Romanya (U21);Finlandiya (U21;2026-09-30 18:00:09;2.88;3.12;1.8;1.43;1.92;3.44;1.08;1.79;1.51;1.24;2.41;KILITLI
30.09.2026;19:00;3168655;Faroe Adalari ;Lüksemburg (U21;2026-09-30 18:00:09;1.96;2.81;2.8;1.65;1.63;2.61;1.19;1.46;1.86;1.09;3.26;KILITLI
30.09.2026;19:00;3168770;Çek Cumhuriyet;Bulgaristan U21;2026-09-30 18:00:09;1.31;3.56;5.51;1.88;1.45;2.77;1.16;1.54;1.74;1.12;3.04;KILITLI
30.09.2026;19:00;3168776;Malta (U21);Almanya (U21);2026-09-30 18:00:09;17.5;17.5;1.0;;;;;;;;;KILITLI
30.09.2026;19:00;3201893;Honefoss;Kfum Oslo;2026-09-30 18:00:09;6.64;4.48;1.18;1.65;1.62;;;2.01;1.38;1.37;2.01;KILITLI
30.09.2026;19:00;3208081;Eritrea;Güney Afrika;2026-09-30 18:00:09;9.98;5.48;1.07;1.94;1.42;3.89;1.0;2.0;1.38;1.32;2.14;KILITLI
30.09.2026;19:00;3228203;Sporting De Hu;Cordoba (K);2026-09-30 18:00:09;1.4;3.5;4.45;1.64;1.64;;;1.68;1.59;;;KILITLI
30.09.2026;19:00;3228206;Levante (K);Alhama (K);2026-09-30 18:00:09;1.99;2.87;2.69;1.54;1.75;;;1.58;1.71;;;KILITLI
30.09.2026;19:00;3229816;Litvanya;Andorra;2026-09-30 18:00:09;1.4;3.07;5.47;2.28;1.28;2.1;1.34;1.28;2.28;;;KILITLI
30.09.2026;19:30;3273260;Portekiz (U19);Hollanda (U19);2026-09-30 18:00:09;1.7;3.49;2.89;1.23;2.42;;;;;1.53;1.76;KILITLI
30.09.2026;19:45;3208028;Paris (K);Arsenal (K);2026-09-30 18:00:09;7.16;4.61;1.16;1.64;1.63;4.03;1.0;2.09;1.35;1.37;2.03;KILITLI
30.09.2026;19:45;3208038;Roma (K);Barcelona (K);2026-09-30 18:00:09;17.5;11.1;1.0;1.8;1.5;;;;;2.54;1.21;KILITLI
30.09.2026;19:45;3208087;Hacken (K);Juventus (K);2026-09-30 18:00:09;2.18;3.05;2.29;1.39;1.99;3.51;1.07;1.81;1.49;1.25;2.35;KILITLI
30.09.2026;20:00;3168625;Umea Fc Akadem;Ifk Umea;2026-09-30 18:00:09;1.0;6.78;12.3;1.39;1.98;;;;;2.03;1.37;KILITLI
30.09.2026;20:00;3168687;Kosova (U21);G.Kibris (U21);2026-09-30 18:00:09;1.11;5.06;8.0;1.67;1.6;;;2.18;1.3;1.41;1.95;KILITLI
30.09.2026;20:30;3168736;Bahreyn;Yemen;2026-09-30 18:00:09;1.54;3.09;3.98;1.78;1.51;2.57;1.2;1.46;1.86;1.09;3.32;KILITLI
30.09.2026;20:30;3168793;Birlesik Arap ;Katar;2026-09-30 18:00:09;1.75;3.05;3.09;1.56;1.72;2.94;1.13;1.6;1.67;1.15;2.83;KILITLI
30.09.2026;20:30;3228211;Europa (K);Villarreal (K);2026-09-30 18:00:09;2.42;3.01;2.09;1.5;1.8;;;1.64;1.63;;;KILITLI
30.09.2026;20:30;3268723;Sestao;Terrassa;2026-09-30 18:00:09;1.84;2.63;3.35;2.01;1.38;2.04;1.37;;;;;KILITLI
30.09.2026;21:00;3168825;Fc Kreuzlingen;Bruhl;2026-09-30 18:00:09;2.42;3.4;1.94;1.21;2.54;;;;;1.56;1.72;KILITLI
30.09.2026;21:00;3268758;Navalcarnero;Murcia;2026-09-30 18:00:09;3.17;3.0;1.74;1.52;1.77;;;1.64;1.63;;;KILITLI
30.09.2026;21:30;3168735;İskoçya (U21);Azerbaycan (U21;2026-09-30 18:00:09;1.0;5.9;10.75;1.77;1.52;;;2.37;1.25;1.5;1.81;KILITLI
30.09.2026;21:45;3168626;Gosport Boroug;Bracknell Town;2026-09-30 21:34:41;1.86;3.16;2.7;1.31;2.16;;;2.03;1.37;;;KILITLI
30.09.2026;21:45;3168649;Eastleigh;Southend;2026-09-30 21:34:41;3.61;3.56;1.51;1.36;2.06;4.23;1.0;2.12;1.33;1.39;2.0;KILITLI
30.09.2026;21:45;3168754;Tamworth;Sutton United;2026-09-30 21:34:41;1.98;3.15;2.51;1.31;2.16;4.03;1.0;2.02;1.37;1.35;2.07;KILITLI
30.09.2026;21:45;3168764;Frome Town;Taunton Town;2026-09-30 21:34:41;1.82;3.2;2.77;1.3;2.21;;;;;1.39;1.99;KILITLI
30.09.2026;21:45;3250296;Afc Whyteleafe;Brentwood Town;2026-09-30 21:34:41;2.87;3.32;1.74;1.29;2.25;;;2.0;1.38;1.42;1.93;KILITLI
30.09.2026;22:00;3168819;Portekiz (U21);Cebelitarık U21;2026-09-30 21:50:30;1.0;17.5;17.5;;;;;;;;;KILITLI
30.09.2026;22:00;3208082;Lyon (K);Chelsea (K);2026-09-30 21:50:30;1.29;4.1;4.99;1.41;1.96;3.97;1.0;2.28;1.28;1.46;1.86;KILITLI
30.09.2026;22:00;3210658;Benfica (K);Bayern München ;2026-09-30 21:50:30;8.51;5.4;1.09;1.67;1.6;3.95;1.0;2.29;1.27;1.45;1.87;KILITLI
30.09.2026;22:00;3221757;Defensor Sport;Plaza Colonia;2026-09-30 21:50:30;1.54;2.98;4.24;1.95;1.41;;;1.36;2.07;;;KILITLI
30.09.2026;22:00;3221773;Cerro Largo;Rentistas;2026-09-30 21:50:30;1.49;3.04;4.53;1.87;1.45;;;1.42;1.93;;;KILITLI
30.09.2026;22:00;3228209;Samper (K);Cd Getafe (K);2026-09-30 21:50:30;2.68;3.07;1.91;1.48;1.83;;;1.69;1.58;;;KILITLI
30.09.2026;23:00;3198100;Cienciano;Chankas Cyc;2026-09-30 22:48:44;1.29;4.05;5.08;1.46;1.86;;;2.21;1.3;1.39;1.98;KILITLI
30.09.2026;23:00;3225563;Indep Cambo Gr;Nacional Asunci;2026-09-30 22:48:44;3.98;3.12;1.53;1.67;1.6;;;1.55;1.73;;;KILITLI
