Tarih;Saat;EventID;Ev;Deplasman;Ilk_Gorulme_Zamani;Ilk_MS1;Ilk_MSX;Ilk_MS2;Ilk_KG_Var;Ilk_KG_Yok;Ilk_15_Alt;Ilk_15_Ust;Ilk_25_Alt;Ilk_25_Ust;Ilk_35_Alt;Ilk_35_Ust
07.10.2026;00:00;3183020;Saint Vincent ;Sint Maarten;2026-10-06 01:23:04;1.38;3.76;4.28;1.44;1.89;4.01;1.0;2.04;1.37;1.35;2.08
07.10.2026;01:30;3185465;Sport Recife;Sao Bernardo;2026-10-06 01:23:04;1.64;3.12;3.41;1.56;1.72;3.03;1.12;1.64;1.64;1.16;2.74
07.10.2026;01:30;3250384;Depor Santani;Guairena;2026-10-06 01:23:04;1.19;4.24;6.77;1.87;1.45;;;1.72;1.57;;
07.10.2026;02:00;3185415;Antiqua And Ba;Aruba;2026-10-06 01:23:04;1.86;3.02;2.84;1.61;1.66;;;1.53;1.76;;
07.10.2026;02:00;3261730;Arjantin;Benin;2026-10-06 01:23:04;1.0;17.5;17.5;2.68;1.24;;;6.55;1.0;3.31;1.15
07.10.2026;02:30;3185464;Goias;Athletic Club;2026-10-06 01:23:04;1.53;3.07;4.08;1.9;1.44;2.38;1.24;1.38;2.0;1.05;3.68
07.10.2026;02:30;3268854;Colo Colo;Puerto Montt;2026-10-06 01:23:04;1.07;5.31;10.65;2.0;1.38;;;1.96;1.4;;
07.10.2026;02:45;3257987;Kolombiya;Peru;2026-10-06 01:23:04;1.21;3.96;6.93;2.13;1.33;2.66;1.18;1.51;1.79;1.1;3.18
07.10.2026;03:00;3189283;Abd;Kanada;2026-10-06 01:23:04;1.58;3.27;3.54;1.44;1.9;3.61;1.06;1.86;1.46;1.27;2.29
07.10.2026;03:00;3204092;San Marcos;Diriangen;2026-10-06 01:23:04;6.42;4.17;1.21;1.54;1.74;;;;;1.39;1.98
07.10.2026;03:30;3189564;Chicago;Vancouver;2026-10-06 01:23:04;2.44;3.47;2.08;1.28;2.53;5.29;1.0;2.42;1.31;1.52;1.93
07.10.2026;03:35;3185211;Ponte Preta;Juventude;2026-10-06 01:23:04;7.79;4.38;1.16;2.0;1.38;3.09;1.11;1.67;1.6;1.18;2.68
07.10.2026;05:00;3182999;Fransiz Guyana;Belize;2026-10-06 01:23:04;1.92;2.77;2.94;1.68;1.6;2.54;1.21;1.44;1.9;1.08;3.38
07.10.2026;05:30;3273818;Meksika;Şili;2026-10-06 01:23:04;1.39;3.61;4.41;1.54;1.74;3.5;1.07;1.83;1.48;1.25;2.35
07.10.2026;11:00;3215743;Taian Tiankuan;Ganzhou Ruishi;2026-10-06 01:23:04;1.3;3.39;6.33;2.07;1.35;;;1.44;1.9;;
07.10.2026;12:00;3204115;Urawa;Omiya;2026-10-06 12:49:49;1.63;3.12;3.49;;;;;;;;
07.10.2026;12:30;3204087;Avispa Fukuoka;Yokohama Fc;2026-10-06 12:49:49;2.04;2.73;2.73;;;;;;;;
07.10.2026;12:30;3204106;Cerezo Osaka;Kagoshima Unite;2026-10-06 12:49:49;1.35;3.73;4.67;;;;;;;;
07.10.2026;12:30;3204122;Hiroshima;Iwaki;2026-10-06 12:49:49;1.23;4.17;5.82;;;;;;;;
07.10.2026;13:00;3145314;Atletico Astor;Dep. Guadalajar;2026-10-06 13:52:07;1.96;2.91;2.71;1.64;1.63;;;1.48;1.83;;
07.10.2026;13:00;3204078;Gainare Tottor;Tokyo Verdy;2026-10-06 12:49:49;3.13;3.69;1.58;;;;;;;;
07.10.2026;13:00;3204082;Fagiano Okayam;Jef Utd Chiba;2026-10-06 12:49:49;1.49;3.6;3.69;;;;;;;;
07.10.2026;13:00;3204096;Fc Tokyo;Shonan;2026-10-06 12:49:49;1.63;3.12;3.49;;;;;;;;
07.10.2026;13:00;3204100;Kawasaki;Tegevajaro Miya;2026-10-06 16:03:32;1.52;3.21;3.91;;;;;;;;
07.10.2026;13:00;3204121;Shimizu;V-Varen Nagasak;2026-10-06 12:49:49;2.0;2.99;2.56;;;;;;;;
07.10.2026;14:00;3189124;Shenzhen Junio;Guangzhou E-Pow;2026-10-06 01:23:04;2.28;2.77;2.37;1.41;1.94;3.33;1.09;1.72;1.56;1.22;2.48
07.10.2026;14:00;3247642;Pazarspor;Erbaaspor;2026-10-06 12:27:05;4.31;3.9;1.45;;;;;;;;
07.10.2026;14:00;3247650;Somaspor;Alanya 1221 Fsk;2026-10-06 11:47:33;1.05;7.21;11.4;;;;;;;;
07.10.2026;14:00;3247655;Hatayspor;Karaköprü Bld.;2026-10-06 11:47:33;1.77;3.26;3.27;;;;;;;;
07.10.2026;14:00;3247659;Niğde Bld.;Ağri 1970 Spor;2026-10-06 12:27:05;1.53;3.39;4.39;;;;;;;;
07.10.2026;14:00;3247665;Osmaniyespor F;Yeni Mersin İ. ;2026-10-06 12:27:05;2.3;3.24;2.3;;;;;;;;
07.10.2026;14:00;3247668;Zonguldak Spor;Düzcespor;2026-10-06 12:27:05;1.92;2.96;3.16;;;;;;;;
07.10.2026;14:30;3189054;Nanjing City;Shaanxi Union;2026-10-06 01:23:04;3.08;2.93;1.79;1.54;1.74;2.97;1.13;1.6;1.67;1.16;2.81
07.10.2026;14:30;3189421;Foshan Nanshi;Guangxi Hengche;2026-10-06 01:23:04;4.59;3.61;1.37;1.49;1.81;3.77;1.0;1.93;1.42;1.3;2.2
07.10.2026;14:30;3215728;Jiangx Beidame;Dalian Kewei;2026-10-06 01:23:04;3.06;2.63;1.94;1.9;1.44;2.14;1.32;;;;
07.10.2026;14:30;3215747;Haimen Codion;Xiamen Feilu;2026-10-06 01:23:04;1.74;2.85;3.35;1.72;1.56;;;1.44;1.9;;
07.10.2026;14:30;3247639;Bursa Yıldırım;Amasyaspor Fk;2026-10-06 12:27:05;1.54;3.27;4.48;;;;;;;;
07.10.2026;14:30;3247643;Silivrispor;Bulvarspor;2026-10-06 13:07:13;3.05;3.05;1.92;;;;;;;;
07.10.2026;14:30;3247652;Anadolu Univer;Kepezspor Faş;2026-10-06 12:27:05;1.5;3.64;4.3;;;;;;;;
07.10.2026;14:30;3247656;Söke 1970 Sk;Ayvalikgücü Bld;2026-10-06 12:27:05;2.98;3.89;1.72;;;;;;;;
07.10.2026;14:30;3247669;Küçükçekmece S;Beykoz İshaklıs;2026-10-06 12:27:05;1.42;3.5;5.43;;;;;;;;
07.10.2026;15:00;3189392;Ratchaburi Fc;Clb Tp Ho Chi M;2026-10-06 05:01:03;1.37;3.54;4.79;1.58;1.69;3.4;1.08;1.78;1.51;1.23;2.43
07.10.2026;15:00;3189611;Buriram Utd;Borneo Fc;2026-10-06 05:01:03;1.14;4.76;7.34;1.56;1.72;;;2.3;1.27;1.47;1.85
07.10.2026;15:00;3247644;Karabük İy;Beykoz Anadolu ;2026-10-06 13:07:13;2.95;3.05;1.96;;;;;;;;
07.10.2026;15:00;3247664;Gaziemir Sk;Fethiyespor;2026-10-06 13:07:13;3.77;3.47;1.6;;;;;;;;
07.10.2026;16:00;3189075;Ntugasaze;Mbarara City;2026-10-06 17:56:40;4.19;3.01;1.53;;;;;;;;
07.10.2026;16:00;3189188;Kataka;Sc Villa;2026-10-06 17:35:22;6.84;3.45;1.27;2.32;1.26;;;1.36;2.07;;
07.10.2026;16:00;3189387;Kuching Fa;Tampines Rovers;2026-10-06 12:27:05;1.43;3.49;4.26;1.49;1.81;3.64;1.06;1.87;1.45;1.28;2.28
07.10.2026;16:00;3189485;Kitara;Kigezi Home Boy;2026-10-06 18:20:25;1.29;3.4;6.72;2.34;1.26;;;1.34;2.1;;
07.10.2026;16:00;3189613;Maroons;Lugazi Municipa;2026-10-06 16:28:32;1.73;2.77;3.49;;;;;;;;
07.10.2026;17:00;3189117;Neftchi Fargon;Xorazm Urganch;2026-10-06 17:35:22;1.08;5.32;9.45;1.77;1.52;;;;;1.41;1.95
07.10.2026;17:00;3189529;Pyramids Fc;Al Qanah;2026-10-06 12:49:49;1.53;3.21;3.85;1.92;1.43;2.35;1.25;1.38;2.0;1.05;3.73
07.10.2026;17:00;3189612;Asyut Petroleu;Al Ahly;2026-10-06 12:49:49;1.78;2.94;3.12;1.86;1.46;2.28;1.28;1.35;2.07;1.0;3.89
07.10.2026;18:00;3189050;Inter Toronto;Supra Du Quebec;2026-10-06 01:23:04;2.65;3.3;1.85;1.25;2.35;;;2.27;1.28;1.46;1.86
07.10.2026;18:00;3195425;Al Mosul;Al Jawiya;2026-10-06 12:49:49;3.26;2.78;1.8;1.75;1.53;;;1.39;1.98;;
07.10.2026;18:00;3234571;Shooting Stars;Kano Pillars;2026-10-06 12:49:49;1.32;3.25;6.25;2.03;1.37;;;1.44;1.91;;
07.10.2026;19:00;3201913;Gnistan;Inter Turku;2026-10-06 01:23:04;3.66;3.35;1.65;1.52;1.93;3.72;1.1;1.86;1.57;1.27;2.57
07.10.2026;19:00;3266295;Kups Ak.;Inter Turku Ii;2026-10-06 01:23:04;2.35;3.69;1.9;1.12;3.02;;;3.12;1.11;1.86;1.46
07.10.2026;20:00;3189595;Al Zamalek Cai;Zed;2026-10-06 17:35:22;4.68;3.54;1.37;1.72;1.56;2.67;1.18;1.77;1.52;1.1;3.18
07.10.2026;20:00;3247647;Eskişehirspor;1922 Akşehirspo;2026-10-06 12:27:05;1.07;6.55;11.9;;;;;;;;
07.10.2026;20:00;3266279;Cs Constantine;Biskra;2026-10-06 03:09:22;1.59;2.8;4.23;2.07;1.36;2.12;1.33;1.28;2.27;;
07.10.2026;20:00;3266305;Es Ben Aknoun;Js El Biar;2026-10-06 03:09:22;1.67;2.74;3.85;1.85;1.47;2.34;1.26;1.36;2.06;1.0;3.76
07.10.2026;20:00;3291746;Ceramica Cleop;Masryal Masry P;2026-10-06 13:07:13;1.93;2.74;2.94;1.86;1.45;2.2;1.3;1.31;2.17;1.0;4.1
07.10.2026;21:30;3241365;Cartagena;Murcia;2026-10-06 12:49:49;2.22;2.62;2.56;;;;;;;;
07.10.2026;21:30;3295564;Cerrito;Montevideo Wand;2026-10-06 19:25:15;1.57;3.15;3.77;1.79;1.51;;;1.44;1.88;;
07.10.2026;21:45;3189354;Avro;Lancaster City;2026-10-06 01:23:04;1.46;3.61;3.84;1.4;1.97;;;2.05;1.37;1.37;2.01
07.10.2026;21:45;3206758;Gosport Boroug;Poole Town;2026-10-06 01:23:04;2.39;3.23;2.02;1.39;1.99;;;1.86;1.46;;
07.10.2026;22:00;3189320;Deportivo Peta;Atletico Avila;2026-10-06 17:56:40;1.43;3.4;4.42;1.96;1.4;;;1.41;1.94;;
07.10.2026;22:00;3266310;Belouizdad;Usm Khenchela;2026-10-06 03:09:22;1.17;3.81;9.1;2.45;1.23;2.48;1.23;1.42;1.93;1.07;3.49
07.10.2026;22:30;3189136;Zamora;Atletico Barina;2026-10-06 17:56:40;1.16;4.52;7.01;1.56;1.72;;;;;1.44;1.91
07.10.2026;22:30;3189440;Mineros;Monagas;2026-10-06 17:56:40;3.8;3.49;1.49;1.72;1.56;;;1.55;1.73;;
07.10.2026;23:00;3189258;Urena Fc;Trujillanos;2026-10-06 18:20:25;2.12;2.91;2.47;1.68;1.59;;;1.44;1.9;;
07.10.2026;23:30;3189625;Cuniburo Fc;Deportivo Cuenc;2026-10-06 12:27:05;1.27;3.54;6.53;2.2;1.3;;;1.4;1.96;;
