Tarih;Saat;EventID;Ev;Deplasman;Kapanis_MS1;Kapanis_MSX;Kapanis_MS2;Kapanis_KG_Var;Kapanis_KG_Yok;Kapanis_15_Alt;Kapanis_15_Ust;Kapanis_25_Alt;Kapanis_25_Ust;Kapanis_35_Alt;Kapanis_35_Ust;Ev_Gol;Dep_Gol;MS_Sonuc;KG_Sonuc;Sonuc_15;Sonuc_25;Sonuc_35;Toplam_Gol;Mac_Durum;Sonuc_Kayit_Zamani
05.10.2026;12:00;3289978;Malezya;Vietnam;2.5;2.96;2.07;1.44;1.89;;;1.71;1.57;;;1;0;1;YOK;ALT;ALT;ALT;1;4;2026-10-06 18:06:59
05.10.2026;12:00;3291692;Galler U19;Kuzey İrlanda U;1.37;3.85;4.26;1.37;2.03;;;2.06;1.36;1.44;1.89;0;0;X;YOK;ALT;ALT;ALT;0;4;2026-10-06 18:06:59
05.10.2026;13:30;3286397;Japonya;Yeni Zelanda;1.06;5.62;10.0;1.8;1.5;;;2.22;1.3;1.43;1.93;2;1;1;VAR;UST;UST;ALT;3;4;2026-10-06 18:06:59
05.10.2026;14:00;3182939;Odd Bk Ii;Viking B;1.19;5.0;5.42;1.14;2.92;;;;;;;3;1;1;VAR;UST;UST;UST;4;4;2026-10-06 18:06:59
05.10.2026;14:00;3282087;İngiltere (U19;Belçika (U19);1.23;4.44;5.46;1.39;1.98;;;;;1.54;1.75;0;1;2;YOK;ALT;ALT;ALT;1;4;2026-10-06 18:06:59
05.10.2026;14:30;3183025;Niroye Zamini;Sanat Mes Kerma;2.3;2.5;2.57;;;;;;;;;0;0;X;YOK;ALT;ALT;ALT;0;4;2026-10-06 18:06:59
05.10.2026;15:30;3182953;Besat Kermansh;Nb Abbas;2.63;2.3;2.45;;;;;;;;;2;1;1;VAR;UST;UST;ALT;3;4;2026-10-06 18:06:59
05.10.2026;16:00;3183058;Sheffield Unit;Bolton U21;1.74;3.84;2.57;1.08;3.43;;;;;1.94;1.41;2;0;1;YOK;UST;ALT;ALT;2;4;2026-10-06 18:06:59
05.10.2026;16:00;3282074;Uganda;Demokratik Kong;4.03;3.04;1.55;1.95;1.41;;;1.35;2.07;;;1;1;X;VAR;UST;ALT;ALT;2;4;2026-10-06 18:06:59
05.10.2026;16:30;3183052;Mes Rafsanjan;Ario Eslamshahr;2.85;2.18;2.42;;;;;;;;;1;0;1;YOK;ALT;ALT;ALT;1;4;2026-10-06 18:06:59
05.10.2026;17:00;3290374;Gürcistan (U19;Letonya U19;1.93;3.1;2.62;1.4;1.96;;;1.81;1.5;;;1;1;X;VAR;UST;ALT;ALT;2;4;2026-10-06 18:06:59
05.10.2026;17:30;3183029;Karadağ (U21);Ermenistan (U21;1.21;4.36;6.03;1.58;1.7;4.04;1.0;2.06;1.36;1.36;2.07;1;1;X;VAR;UST;ALT;ALT;2;4;2026-10-06 18:06:59
05.10.2026;18:00;3234563;Liptovsky Miku;Samorin;2.0;3.15;2.46;1.3;2.19;;;2.04;1.37;;;2;0;1;YOK;UST;ALT;ALT;2;4;2026-10-06 18:06:59
05.10.2026;19:00;3182933;Fana;Asane Ii;1.46;4.58;3.13;1.0;4.16;;;;;2.96;1.13;5;2;1;VAR;UST;UST;UST;7;4;2026-10-06 18:06:59
05.10.2026;19:00;3182984;G. Kıbrıs Rum ;Letonya;1.42;3.41;5.56;2.04;1.45;2.67;1.24;1.48;2.0;1.1;3.75;2;1;1;VAR;UST;UST;ALT;3;4;2026-10-06 18:06:59
05.10.2026;19:00;3229821;Torreense U23;Estoril U23;1.79;3.24;2.81;1.35;2.07;;;1.97;1.4;;;2;3;2;VAR;UST;UST;UST;5;4;2026-10-06 18:06:59
05.10.2026;19:00;3273812;Sirbistan (U21;Rusya (U21);2.64;2.87;2.01;1.55;1.73;;;1.57;1.72;;;2;1;1;VAR;UST;UST;ALT;3;4;2026-10-06 18:06:59
05.10.2026;19:00;3278016;Ruanda;Kenya;1.79;2.87;3.17;1.93;1.42;2.16;1.31;1.32;2.14;;;0;0;X;YOK;ALT;ALT;ALT;0;4;2026-10-06 18:06:59
05.10.2026;19:15;3182967;İtalya (U21);Polonya (U21);1.65;3.12;3.41;1.46;1.86;3.4;1.08;1.77;1.52;1.23;2.43;6;2;1;VAR;UST;UST;UST;8;4;2026-10-06 18:06:59
05.10.2026;19:30;3183024;İsveç (U21);Makedonya (U21);1.1;5.09;8.62;1.78;1.52;3.98;1.0;2.07;1.35;1.36;2.06;2;0;1;YOK;UST;ALT;ALT;2;4;2026-10-06 18:06:59
05.10.2026;20:00;3182934;Moss;Kongsvinger;3.16;3.75;1.57;1.16;2.79;;;3.02;1.12;1.81;1.49;0;2;2;YOK;UST;ALT;ALT;2;4;2026-10-06 18:06:59
05.10.2026;20:00;3273849;Lyn Oslo B;Rade;1.89;3.92;2.28;1.0;4.38;;;;;;;0;0;X;YOK;ALT;ALT;ALT;0;4;2026-10-06 18:06:59
05.10.2026;20:00;3277998;Herrestads;Grebbestads If;2.15;3.26;2.21;1.24;2.39;;;;;1.47;1.85;3;1;1;VAR;UST;UST;UST;4;4;2026-10-06 18:06:59
05.10.2026;21:00;3175185;Urquiza;Ituzaingo;1.38;3.31;5.08;1.98;1.4;2.17;1.31;1.42;1.93;;;3;2;1;VAR;UST;UST;UST;5;4;2026-10-06 18:06:59
05.10.2026;21:00;3176161;Lujan;Lamadrid;1.46;3.04;4.82;2.08;1.35;2.15;1.32;1.32;2.14;;;1;0;1;YOK;ALT;ALT;ALT;1;4;2026-10-06 18:06:59
05.10.2026;21:00;3176642;El Porvenir;Canuelas;3.32;2.69;1.82;1.96;1.4;2.1;1.34;;;;;1;1;X;VAR;UST;ALT;ALT;2;4;2026-10-06 18:06:59
05.10.2026;21:00;3176669;B. Bolivar;Leones De Rosar;2.14;2.56;2.74;2.08;1.35;1.91;1.43;1.21;2.53;;;0;2;2;YOK;UST;ALT;ALT;2;4;2026-10-06 18:06:59
05.10.2026;21:05;3175577;Paraguayo;Club Mercedes;3.53;2.6;1.8;2.09;1.35;1.97;1.4;;;;;1;1;X;VAR;UST;ALT;ALT;2;4;2026-10-06 18:06:59
05.10.2026;21:30;3179769;Cordoba;Tenerife;1.71;3.21;3.59;1.56;1.86;3.47;1.13;1.76;1.65;1.23;2.76;3;2;1;VAR;UST;UST;UST;5;4;2026-10-06 18:06:59
05.10.2026;21:45;3182929;Carshalton Ath;Eastbourne Boro;2.42;3.22;2.0;1.28;2.26;;;2.04;1.37;1.4;1.97;0;4;2;YOK;UST;UST;UST;4;4;2026-10-06 18:06:59
05.10.2026;21:45;3182936;Karadağ;Ermenistan;1.26;4.38;6.44;1.73;1.66;3.94;1.09;1.95;1.51;1.3;2.44;0;0;X;YOK;ALT;ALT;ALT;0;4;2026-10-06 18:06:59
05.10.2026;21:45;3182949;Bosna Hersek;Polonya;2.9;3.02;2.0;1.57;1.86;3.24;1.16;1.67;1.72;1.19;2.97;1;0;1;YOK;ALT;ALT;ALT;1;4;2026-10-06 18:06:59
05.10.2026;21:45;3182975;Kuzey İrlanda;Gürcistan;2.26;2.63;2.83;1.99;1.49;2.21;1.38;1.3;2.44;1.0;4.95;0;0;X;YOK;ALT;ALT;ALT;0;4;2026-10-06 18:06:59
05.10.2026;21:45;3182991;Romanya;İsveç;3.63;3.43;1.64;1.45;2.05;4.16;1.07;2.0;1.47;1.34;2.33;0;1;2;YOK;ALT;ALT;ALT;1;4;2026-10-06 18:06:59
05.10.2026;21:45;3183038;Ukrayna;Macaristan;2.53;2.75;2.4;1.76;1.65;2.58;1.27;1.44;2.08;1.09;3.91;1;2;2;VAR;UST;UST;ALT;3;4;2026-10-06 18:06:59
05.10.2026;21:45;3183073;İtalya;Türkiye;1.39;3.9;4.94;1.55;1.88;4.21;1.07;2.04;1.46;1.35;2.3;3;1;1;VAR;UST;UST;UST;4;4;2026-10-06 18:06:59
05.10.2026;21:45;3183079;Fransa;Belçika;1.37;4.1;4.87;1.48;2.0;4.71;1.0;2.22;1.37;1.43;2.1;4;1;1;VAR;UST;UST;UST;5;4;2026-10-06 18:06:59
05.10.2026;21:45;3229820;Lihtenştayn;Cebelitarik;3.12;2.53;1.97;2.26;1.29;1.79;1.51;;;;;0;2;2;YOK;UST;ALT;ALT;2;4;2026-10-06 18:06:59
05.10.2026;22:00;3215739;Guadeloupe;St. Lucia;3.96;3.62;1.44;1.45;1.87;3.79;1.0;1.94;1.41;1.3;2.19;0;1;2;YOK;ALT;ALT;ALT;1;4;2026-10-06 18:06:59
05.10.2026;22:45;3180617;Riestra;Corboda Santiag;1.78;2.76;3.97;2.2;1.38;2.1;1.43;1.27;2.57;1.0;5.39;1;1;X;VAR;UST;ALT;ALT;2;4;2026-10-06 18:06:59
05.10.2026;23:00;3175705;Nueva Chicago;Maipu;2.12;2.51;2.84;2.03;1.37;1.95;1.41;;;;;0;1;2;YOK;ALT;ALT;ALT;1;4;2026-10-06 18:06:59
05.10.2026;23:00;3250393;12 De Junio Vh;Sol De America;1.68;2.9;3.55;1.92;1.43;;;1.33;2.12;;;1;1;X;VAR;UST;ALT;ALT;2;4;2026-10-06 18:06:59
